"0","langmodel_download = udpipe::udpipe_download_model(""english"")"
"2","Downloading udpipe model from https://raw.githubusercontent.com/jwijffels/udpipe.models.ud.2.5/master/inst/udpipe-ud-2.5-191206/english-ewt-ud-2.5-191206.udpipe to D:/Warwick/Courses/Term 3/Text Analytics/Day6 Dimension Reduction of DTM and Part of Speech/Seminar/english-ewt-ud-2.5-191206.udpipe
"
"2"," - This model has been trained on version 2.5 of data from https://universaldependencies.org
"
"2"," - The model is distributed under the CC-BY-SA-NC license: https://creativecommons.org/licenses/by-nc-sa/4.0
"
"2"," - Visit https://github.com/jwijffels/udpipe.models.ud.2.5 for model license details.
"
"2"," - For a list of all models and their licenses (most models you can download with this package have either a CC-BY-SA or a CC-BY-SA-NC license) read the documentation at ?udpipe_download_model. For building your own models: visit the documentation by typing vignette('udpipe-train', package = 'udpipe')
"
"2","trying URL 'https://raw.githubusercontent.com/jwijffels/udpipe.models.ud.2.5/master/inst/udpipe-ud-2.5-191206/english-ewt-ud-2.5-191206.udpipe'
"
"2","Content type 'application/octet-stream'"
"2"," length 16309608 bytes (15.6 MB)
"
"2","downloaded 15.6 MB

"
"2","Downloading finished, model stored at 'D:/Warwick/Courses/Term 3/Text Analytics/Day6 Dimension Reduction of DTM and Part of Speech/Seminar/english-ewt-ud-2.5-191206.udpipe'
"
